ID,Rank,Name,Frequency
1,1,Unknown,141
2,2,Jon,22
3,3,Jeyne,16
4,4,Alyn,15
5,5,Pate,13
6,6,Will,12
7,6,Robert,12
8,7,Brandon,11
9,7,Walder,11
10,7,Robin,11
11,8,Garth,10
12,9,Donnel,9
13,9,Steffon,9
14,9,Humfrey,9
15,10,Rodrik,8
16,10,Rickard,8
17,10,Lucas,8
18,10,Ben,8
19,11,Aegon,7
20,11,Denys,7
21,11,Lyonel,7
22,11,Alysanne,7
23,11,Tom,7
24,11,Grazdan,7
25,11,Dick,7
26,12,Hugh,6
27,12,Leo,6
28,12,Bethany,6
29,12,Wat,6
30,12,Myles,6
31,12,Walda,6
32,12,Damon,6
33,12,Owen,6
34,13,Balon,5
35,13,Daeron,5
36,13,Aemon,5
37,13,Willam,5
38,13,Marq,5
39,13,Gyles,5
40,13,Qarl,5
41,13,Lymond,5
42,13,Alys,5
43,13,Richard,5
44,13,Ralf,5
45,13,Eustace,5
46,14,Viserys,4
47,14,Joffrey,4
48,14,Gerold,4
49,14,Baelor,4
50,14,Martyn,4
51,14,Tytos,4
52,14,Addam,4
53,14,Gawen,4
54,14,Maron,4
55,14,Quentyn,4
56,14,Lorent,4
57,14,Symon,4
58,14,Kyle,4
59,14,Beron,4
60,14,Luthor,4
61,14,Simon,4
62,14,Daemon,4
63,14,Henly,4
64,14,Rolland,4
65,14,Duncan,4
66,14,Jack,4
67,14,Manfryd,4
68,14,Harry,4
69,14,Harrold,4
70,14,Roger,4
71,14,Dagon,4
72,15,Robb,3
73,15,Desmond,3
74,15,Hoster,3
75,15,Brynden,3
76,15,Benjen,3
77,15,Tommen,3
78,15,Willem,3
79,15,Lew,3
80,15,Ryam,3
81,15,Raymun,3
82,15,Jaehaerys,3
83,15,Samwell,3
84,15,Patrek,3
85,15,Jonos,3
86,15,Lancel,3
87,15,Wyl,3
88,15,Bessa,3
89,15,Clement,3
90,15,Joss,3
91,15,Lothar,3
92,15,Dickon,3
93,15,Torrhen,3
94,15,Rhaenys,3
95,15,Olyvar,3
96,15,Harren,3
97,15,Lewys,3
98,15,Harys,3
99,15,Garrett,3
100,15,Gormon,3
101,15,Mors,3
102,15,William,3
103,15,Dale,3
104,15,Rolfe,3
105,15,Alester,3
106,15,Elwood,3
107,15,Walton,3
108,15,Harrag,3
109,15,Edwyn,3
110,15,Symond,3
111,15,Raymund,3
112,15,Maynard,3
113,15,Lanna,3
114,15,Alan,3
115,15,Ronnel,3
116,15,Ormond,3
117,15,Tristifer,3
118,15,Tristan,3
119,15,Triston,3
120,15,Gwayne,3
121,15,Glendon,3
122,15,Tybolt,3
123,15,Ronald,3
124,15,Quellon,3
125,15,Quenton,3
126,15,Edmund,3
127,15,Franklyn,3
128,15,Jasper,3
129,15,Uthor,3
130,15,Morgan,3
131,15,Benjicot,3
132,16,Eddard,2
133,16,Theon,2
134,16,Harwin,2
135,16,Catelyn,2
136,16,Aerys,2
137,16,Lysa,2
138,16,Cersei,2
139,16,Daenerys,2
140,16,Rhaegar,2
141,16,Elia,2
142,16,Jorah,2
143,16,Sandor,2
144,16,Tyrion,2
145,16,Lyanna,2
146,16,Tywin,2
147,16,Arthur,2
148,16,Erryk,2
149,16,Arryk,2
150,16,Stannis,2
151,16,Renly,2
152,16,Petyr,2
153,16,Wylla,2
154,16,Mern,2
155,16,Wyman,2
156,16,Yohn,2
157,16,Mathis,2
158,16,Jason,2
159,16,Shella,2
160,16,Emmon,2
161,16,Theo,2
162,16,Willis,2
163,16,Roose,2
164,16,Tregar,2
165,16,Joseth,2
166,16,Kyra,2
167,16,Mark,2
168,16,Oswell,2
169,16,Alyssa,2
170,16,Hobb,2
171,16,Gunthor,2
172,16,Florian,2
173,16,Cellador,2
174,16,Wendel,2
175,16,Ulf,2
176,16,Timett,2
177,16,Roland,2
178,16,Perwyn,2
179,16,Marwyn,2
180,16,Mallor,2
181,16,Cregan,2
182,16,Joanna,2
183,16,Harwyn,2
184,16,Garse,2
185,16,Arwyn,2
186,16,Vickon,2
187,16,Nymeria,2
188,16,Arianne,2
189,16,Trystane,2
190,16,Edric,2
191,16,Visenya,2
192,16,Aenys,2
193,16,Dalla,2
194,16,Harbert,2
195,16,Davos,2
196,16,Gulian,2
197,16,Shyra,2
198,16,Burton,2
199,16,Bryen,2
200,16,Sylas,2
201,16,Bernarr,2
202,16,Rupert,2
203,16,Lorren,2
204,16,Osmund,2
205,16,Bryan,2
206,16,Ebben,2
207,16,Jeffory,2
208,16,Philip,2
209,16,Artos,2
210,16,Donnor,2
211,16,Barth,2
212,16,Lomas,2
213,16,Lyman,2
214,16,Melara,2
215,16,Rhea,2
216,16,Omer,2
217,16,Perra,2
218,16,Leslyn,2
219,16,Ryella,2
220,16,Androw,2
221,16,Alesander,2
222,16,Serra,2
223,16,Alyce,2
224,16,Meredyth,2
225,16,Jate,2
226,16,Lucos,2
227,16,Hal,2
228,16,Harlan,2
229,16,Lem,2
230,16,Wilbert,2
231,16,Tansy,2
232,16,Tim,2
233,16,Bill,2
234,16,Mudge,2
235,16,Andrey,2
236,16,Maerie,2
237,16,Harsley,2
238,16,Terrence,2
239,16,Hareth,2
240,16,Lester,2
241,16,Arron,2
242,16,Luke,2
243,16,Jenny,2
244,16,Ambrose,2
245,16,Shiera,2
246,16,Benedict,2
247,16,Hugo,2
248,16,Leona,2
249,16,Wallace,2
250,16,Roone,2
251,16,Mollos,2
252,16,Gormond,2
253,16,Harlon,2
254,16,Jocelyn,2
255,16,Creighton,2
256,16,Galladon,2
257,16,Lambert,2
258,16,Boremund,2
259,16,Theomore,2
260,16,Clarence,2
261,16,Raynard,2
262,16,Lucifer,2
263,16,Dake,2
264,16,Narbert,2
265,16,Bellegere,2
266,16,Willow,2
267,16,Byron,2
268,16,Norren,2
269,16,Harwood,2
270,16,Ygon,2
271,16,Ysilla,2
272,16,Gareth,2
273,16,Aemond,2
274,16,Gerrold,2
275,16,Belicho,2
276,16,Medrick,2
277,16,Walys,2
278,16,Perkin,2
279,16,Harle,2
280,16,Armond,2
281,16,Ormund,2
282,16,Ned,2
283,16,Clifford,2
284,16,Manfred,2
285,16,Daella,2
286,16,Baelon,2
287,16,Rhaena,2
288,16,Tyler,2
289,17,Gared,1
290,17,Waymar,1
291,17,Mance,1
292,17,Jory,1
293,17,Hullen,1
294,17,Rickon,1
295,17,Arya,1
296,17,Sansa,1
297,17,Luwin,1
298,17,Pycelle,1
299,17,Illyrio,1
300,17,Drogo,1
301,17,Moro,1
302,17,Rhogoro,1
303,17,Jaime,1
304,17,Howland,1
305,17,Myrcella,1
306,17,Edmure,1
307,17,Ashara,1
308,17,Mordane,1
309,17,Beth,1
310,17,Donnis,1
311,17,Serwyn,1
312,17,Barristan,1
313,17,Boros,1
314,17,Gage,1
315,17,Mikken,1
316,17,Aethelmure,1
317,17,Chayle,1
318,17,Ayrmidon,1
319,17,Irri,1
320,17,Jhiqui,1
321,17,Doreah,1
322,17,Haggo,1
323,17,Cohollo,1
324,17,Qotho,1
325,17,Varys,1
326,17,Yoren,1
327,17,Loren,1
328,17,Morrec,1
329,17,Vayon,1
330,17,Hallis,1
331,17,Mycah,1
332,17,Ilyn,1
333,17,Daeryssa,1
334,17,Naerys,1
335,17,Morgil,1
336,17,Moreo,1
337,17,Aron,1
338,17,Maegor,1
339,17,Loras,1
340,17,Grenn,1
341,17,Alliser,1
342,17,Jeren,1
343,17,Todder,1
344,17,Dareon,1
345,17,Pypar,1
346,17,Halder,1
347,17,Jeor,1
348,17,Donal,1
349,17,Cotter,1
350,17,Bowen,1
351,17,Mace,1
352,17,Helman,1
353,17,Galbart,1
354,17,Jaremy,1
355,17,Jyck,1
356,17,Maege,1
357,17,Jacks,1
358,17,Porther,1
359,17,Tomard,1
360,17,Syrio,1
361,17,Maekar,1
362,17,Colemon,1
363,17,Malleon,1
364,17,Rast,1
365,17,Albett,1
366,17,Randyll,1
367,17,Qhorin,1
368,17,Janos,1
369,17,Lann,1
370,17,Margaery,1
371,17,Varly,1
372,17,Beric,1
373,17,Tobho,1
374,17,Gendry,1
375,17,Masha,1
376,17,Marillion,1
377,17,Alia,1
378,17,Gregor,1
379,17,Thoros,1
380,17,Bryce,1
381,17,Andar,1
382,17,Robar,1
383,17,Horas,1
384,17,Hobber,1
385,17,Jared,1
386,17,Hosteen,1
387,17,Danwell,1
388,17,Jalabhar,1
389,17,Lothor,1
390,17,Moon Boy,1
391,17,Dacks,1
392,17,Anguy,1
393,17,Cayn,1
394,17,Chiggen,1
395,17,Bronn,1
396,17,Mohor,1
397,17,Kurleket,1
398,17,Lharys,1
399,17,Godwyn,1
400,17,Tanda,1
401,17,Nestor,1
402,17,Mya,1
403,17,Mychel,1
404,17,Lyn,1
405,17,Vardis,1
406,17,Heward,1
407,17,Chataya,1
408,17,Barra,1
409,17,Selyse,1
410,17,Stiv,1
411,17,Hali,1
412,17,Osha,1
413,17,Farlen,1
414,17,Quent,1
415,17,Wallen,1
416,17,Wayn,1
417,17,Mord,1
418,17,Albar,1
419,17,Eon,1
420,17,Anya,1
421,17,Ethan,1
422,17,Morton,1
423,17,Gueren,1
424,17,Matthar,1
425,17,Cuger,1
426,17,Clydas,1
427,17,Chett,1
428,17,Gurn,1
429,17,Shagga,1
430,17,Dolf,1
431,17,Conn,1
432,17,Coratt,1
433,17,Torrek,1
434,17,Jaggot,1
435,17,Karyl,1
436,17,Arys,1
437,17,Gladden,1
438,17,Jonquil,1
439,17,Tya,1
440,17,Gowen,1
441,17,Ogo,1
442,17,Fogo,1
443,17,Jommo,1
444,17,Preston,1
445,17,Kevan,1
446,17,Qos,1
447,17,Othell,1
448,17,Borcas,1
449,17,Dywen,1
450,17,Mandon,1
451,17,Othor,1
452,17,Jafer,1
453,17,Bass,1
454,17,Hake,1
455,17,Ketter,1
456,17,Harrion,1
457,17,Medger,1
458,17,Robett,1
459,17,Halys,1
460,17,Byan,1
461,17,Quaro,1
462,17,Rakharo,1
463,17,Bharbo,1
464,17,Wylis,1
465,17,Chella,1
466,17,Umar,1
467,17,Flement,1
468,17,Dontos,1
469,17,Stevron,1
470,17,Doran,1
471,17,Lewyn,1
472,17,Ryger,1
473,17,Elmar,1
474,17,Endrew,1
475,17,Rudge,1
476,17,Jhogo,1
477,17,Mago,1
478,17,Jhaqo,1
479,17,Mirri,1
480,17,Podrick,1
481,17,Shae,1
482,17,Daryn,1
483,17,Dacey,1
484,17,Quenten,1
485,17,Regenard,1
486,17,Eroeh,1
487,17,Pono,1
488,17,Buu,1
489,17,Symeon,1
490,17,Andros,1
491,17,Forley,1
492,17,Vargo,1
493,17,Amory,1
494,17,Vyman,1
495,17,Orys,1
496,17,Argilac,1
497,17,Shireen,1
498,17,Tyrek,1
499,17,Dorna,1
500,17,Janei,1
501,17,Genna,1
502,17,Cleos,1
503,17,Tion,1
504,17,Tygett,1
505,17,Darlessa,1
506,17,Gerion,1
507,17,Joy,1
508,17,Stafford,1
509,17,Cerenna,1
510,17,Myrielle,1
511,17,Daven,1
512,17,Creylen,1
513,17,Rowena,1
514,17,Arrec,1
515,17,Edmyn,1
516,17,Minisa,1
517,17,Utherydes,1
518,17,Harlen,1
519,17,Alerie,1
520,17,Willas,1
521,17,Garlan,1
522,17,Olenna,1
523,17,Mina,1
524,17,Paxter,1
525,17,Janna,1
526,17,Moryn,1
527,17,Lomys,1
528,17,Vortimer,1
529,17,Desmera,1
530,17,Leyton,1
531,17,Urron,1
532,17,Qhored,1
533,17,Alannys,1
534,17,Asha,1
535,17,Euron,1
536,17,Victarion,1
537,17,Aeron,1
538,17,Myriah,1
539,17,Mellario,1
540,17,Oberyn,1
541,17,Areo,1
542,17,Caleotte,1
543,17,Rhaenyra,1
544,17,Rhaella,1
545,17,Cressen,1
546,17,Pylos,1
547,17,Patchface,1
548,17,Matrice,1
549,17,Jommy,1
550,17,Salladhor,1
551,17,Morosh,1
552,17,Melisandre,1
553,17,Ardrian,1
554,17,Monford,1
555,17,Duram,1
556,17,Axell,1
557,17,Guncer,1
558,17,Lommy,1
559,17,Hot Pie,1
560,17,Lollys,1
561,17,Falyse,1
562,17,Ermesande,1
563,17,Morros,1
564,17,Vylarr,1
565,17,Hayhead,1
566,17,Alebelly,1
567,17,Jammos,1
568,17,Merrett,1
569,17,Waltyr,1
570,17,Turnip,1
571,17,Bandy,1
572,17,Palla,1
573,17,Calon,1
574,17,TomToo,1
575,17,Praed,1
576,17,Tarber,1
577,17,Malcolm,1
578,17,Lync,1
579,17,Hod,1
580,17,Jaqen,1
581,17,Rorge,1
582,17,Biter,1
583,17,Reysen,1
584,17,Cutjack,1
585,17,Kurz,1
586,17,Koss,1
587,17,Dobber,1
588,17,Redwyn,1
589,17,Dorren,1
590,17,Conwy,1
591,17,Thoren,1
592,17,Arnell,1
593,17,Aerion,1
594,17,Hendry,1
595,17,Allar,1
596,17,Jacelyn,1
597,17,Murch,1
598,17,Allard,1
599,17,Barre,1
600,17,Hubard,1
601,17,Maric,1
602,17,Matthos,1
603,17,Devan,1
604,17,Marya,1
605,17,Azor Ahai,1
606,17,Nissa Nissa,1
607,17,Cassana,1
608,17,Delena,1
609,17,Sawane,1
610,17,Gorold,1
611,17,Dagmer,1
612,17,Helya,1
613,17,Qalen,1
614,17,Wendamyr,1
615,17,Lynesse,1
616,17,Pyat,1
617,17,Xaro,1
618,17,Quaithe,1
619,17,Eddison,1
620,17,Jarman,1
621,17,Mallador,1
622,17,Bedwyck,1
623,17,Ottyn,1
624,17,Woth,1
625,17,Gerren,1
626,17,Rey,1
627,17,Urreg,1
628,17,Qyle,1
629,17,Frenken,1
630,17,Ironbelly,1
631,17,Salloreon,1
632,17,Alayaya,1
633,17,Poxy Tym,1
634,17,Donella,1
635,17,Domeric,1
636,17,Heke,1
637,17,Hother,1
638,17,Larence,1
639,17,Leobald,1
640,17,Benfred,1
641,17,Beren,1
642,17,Ondrew,1
643,17,Lyessa,1
644,17,Cley,1
645,17,Tallad,1
646,17,Hallyne,1
647,17,Weasel,1
648,17,Munciter,1
649,17,Malliard,1
650,17,Rossart,1
651,17,Crawn,1
652,17,Calor,1
653,17,Skittrick,1
654,17,Meera,1
655,17,Jojen,1
656,17,Shadd,1
657,17,Colen,1
658,17,Ronnet,1
659,17,Brienne,1
660,17,Selwyn,1
661,17,Josua,1
662,17,Elyas,1
663,17,Guyard,1
664,17,Tanton,1
665,17,Cortnay,1
666,17,Craster,1
667,17,Lark,1
668,17,Gilly,1
669,17,Nella,1
670,17,Bael,1
671,17,Gendel,1
672,17,Gorne,1
673,17,Joramun,1
674,17,Esgred,1
675,17,Sigrin,1
676,17,Otter,1
677,17,Bluetooth,1
678,17,Rymolf,1
679,17,Uller,1
680,17,Skyte,1
681,17,Eldiss,1
682,17,Wex,1
683,17,Chiswyck,1
684,17,Rafford,1
685,17,Dunsen,1
686,17,Amabel,1
687,17,Harra,1
688,17,Weese,1
689,17,Saathos,1
690,17,Quhuru,1
691,17,Dancy,1
692,17,Marei,1
693,17,Pia,1
694,17,Dunaver,1
695,17,Jodge,1
696,17,Tothmure,1
697,17,Eggon,1
698,17,Layna,1
699,17,Tobbot,1
700,17,Durran,1
701,17,Elenei,1
702,17,Antario,1
703,17,Osmynd,1
704,17,Parmen,1
705,17,Stygg,1
706,17,Werlag,1
707,17,Tymor,1
708,17,Urzen,1
709,17,Gevin,1
710,17,Todric,1
711,17,Andrik,1
712,17,Dunstan,1
713,17,Lucan,1
714,17,Tuffleberry,1
715,17,Rymund,1
716,17,Enger,1
717,17,Delp,1
718,17,Poul,1
719,17,Mathos,1
720,17,Wendello,1
721,17,Egon,1
722,17,Osney,1
723,17,Osfryd,1
724,17,Eldon,1
725,17,Erren,1
726,17,Rattleshirt,1
727,17,Harma,1
728,17,Alfyn,1
729,17,Kym,1
730,17,Mebble,1
731,17,Cadwyn,1
732,17,Shagwell,1
733,17,Holger,1
734,17,Pollitor,1
735,17,Drennan,1
736,17,Squint,1
737,17,Aggar,1
738,17,Gynir,1
739,17,Dalbridge,1
740,17,Stonesnake,1
741,17,Ygritte,1
742,17,Elbert,1
743,17,Kromm,1
744,17,Cadwyl,1
745,17,Imry,1
746,17,Arneld,1
747,17,Urrathon,1
748,17,Sybassion,1
749,17,Belwas,1
750,17,Utt,1
751,17,Qyburn,1
752,17,Urswyck,1
753,17,Edwyd,1
754,17,Willit,1
755,17,Josmyn,1
756,17,Bonifer,1
757,17,Dermot,1
758,17,Timon,1
759,17,Aurane,1
760,17,Dykk,1
761,17,Endehar,1
762,17,Kenned,1
763,17,Ramsay,1
764,17,Ballabar,1
765,17,Ragwyle,1
766,17,Edwyle,1
767,17,Rodwell,1
768,17,Jonnel,1
769,17,Edderion,1
770,17,Eyron,1
771,17,Edrick,1
772,17,Jurne,1
773,17,Andrew,1
774,17,Halmon,1
775,17,Berena,1
776,17,Eddara,1
777,17,Sybelle,1
778,17,Erena,1
779,17,Igon,1
780,17,Butterbumps,1
781,17,Alekyne,1
782,17,Melessa,1
783,17,Colin,1
784,17,Hosman,1
785,17,Merrell,1
786,17,Rylene,1
787,17,Rycherd,1
788,17,Waldon,1
789,17,Norne,1
790,17,Meldred,1
791,17,Myranda,1
792,17,Corenna,1
793,17,Ryman,1
794,17,Janyce,1
795,17,Mylenda,1
796,17,Maegelle,1
797,17,Dafyn,1
798,17,Marianne,1
799,17,Marsella,1
800,17,Deana,1
801,17,Melesa,1
802,17,Tyana,1
803,17,Perriane,1
804,17,Cyrenna,1
805,17,Zhoe,1
806,17,Zia,1
807,17,Zachery,1
808,17,Luceon,1
809,17,Amarei,1
810,17,Bellena,1
811,17,Arwood,1
812,17,Lythene,1
813,17,Lucias,1
814,17,Elyana,1
815,17,Betharios,1
816,17,Alyx,1
817,17,Bradamar,1
818,17,Oro,1
819,17,Wynafrei,1
820,17,Mariya,1
821,17,Amerei,1
822,17,Marissa,1
823,17,Geremy,1
824,17,Carolei,1
825,17,Cynthea,1
826,17,Beony,1
827,17,Malwyn,1
828,17,Sarra,1
829,17,Leonella,1
830,17,Tysane,1
831,17,Emberlei,1
832,17,Sallei,1
833,17,Whalen,1
834,17,Sylwa,1
835,17,Merianne,1
836,17,Morya,1
837,17,Tyta,1
838,17,Sarya,1
839,17,Benfrey,1
840,17,Jyanna,1
841,17,Della,1
842,17,Willamen,1
843,17,Roslin,1
844,17,Annara,1
845,17,Colmar,1
846,17,Shirei,1
847,17,Joyeuse,1
848,17,Melwys,1
849,17,Ronel,1
850,17,Mellara,1
851,17,Aladale,1
852,17,Elron,1
853,17,Cugen,1
854,17,Paul,1
855,17,Blane,1
856,17,Grubbs,1
857,17,Aethan,1
858,17,Bannen,1
859,17,Softfoot,1
860,17,Kedge,1
861,17,Goady,1
862,17,Dirk,1
863,17,Karl,1
864,17,Ollo,1
865,17,Sawwood,1
866,17,Maslyn,1
867,17,Iggo,1
868,17,Kennos,1
869,17,Megga,1
870,17,Alla,1
871,17,Elinor,1
872,17,Leonette,1
873,17,Nysterica,1
874,17,Taena,1
875,17,Lenyl,1
876,17,Ryk,1
877,17,Orell,1
878,17,Styr,1
879,17,Tormund,1
880,17,Val,1
881,17,Jarl,1
882,17,Orland,1
883,17,Mullin,1
884,17,Groleo,1
885,17,Temmo,1
886,17,Khorane,1
887,17,Tristimun,1
888,17,Meizo,1
889,17,Warren,1
890,17,Sumner,1
891,17,Gerardys,1
892,17,Turquin,1
893,17,Erreck,1
894,17,Beldecar,1
895,17,Sharna,1
896,17,Sybell,1
897,17,Rolph,1
898,17,Raynald,1
899,17,Elenya,1
900,17,Rollam,1
901,17,Mag,1
902,17,Lump,1
903,17,Toregg,1
904,17,Dormund,1
905,17,Munda,1
906,17,Jack-Be-Lucky,1
907,17,Pello,1
908,17,Talla,1
909,17,Mawney,1
910,17,Horton,1
911,17,Sebaston,1
912,17,Karlon,1
913,17,Timeon,1
914,17,Erreg,1
915,17,Ravella,1
916,17,Carellen,1
917,17,Kraznys,1
918,17,Arson,1
919,17,Grigg,1
920,17,Missandei,1
921,17,Cass,1
922,17,Jyzene,1
923,17,Helly,1
924,17,Bella,1
925,17,Errok,1
926,17,Zollo,1
927,17,Galyeon,1
928,17,Alaric,1
929,17,Hamish,1
930,17,Collio,1
931,17,Fornio,1
932,17,Byam,1
933,17,Ulmer,1
934,17,Oswyn,1
935,17,Wenda,1
936,17,Rolley,1
937,17,Oss,1
938,17,Dyah,1
939,17,Ferny,1
940,17,Lister,1
941,17,Lennocks,1
942,17,Beck,1
943,17,Merriman,1
944,17,Joth,1
945,17,Matt,1
946,17,Ryn,1
947,17,Dudley,1
948,17,Becca,1
949,17,Nolla,1
950,17,Dennet,1
951,17,Melly,1
952,17,Gilbert,1
953,17,Jonothor,1
954,17,Belis,1
955,17,Garigus,1
956,17,Qarlton,1
957,17,Deziel,1
958,17,Tremond,1
959,17,Harmen,1
960,17,Ulwyck,1
961,17,Ryon,1
962,17,Dagos,1
963,17,Myria,1
964,17,Larra,1
965,17,Jynessa,1
966,17,Ellaria,1
967,17,Merlon,1
968,17,Anders,1
969,17,Notch,1
970,17,Watty,1
971,17,Merrit,1
972,17,Jayde,1
973,17,Puddingfoot,1
974,17,Big Boil,1
975,17,Dan,1
976,17,Wynton,1
977,17,Quort,1
978,17,Bodger,1
979,17,Del,1
980,17,Henk,1
981,17,Toefinger,1
982,17,Stone Thumbs,1
983,17,Lenn,1
984,17,Grey Worm,1
985,17,Prendahl,1
986,17,Sallor,1
987,17,Daario,1
988,17,Mero,1
989,17,Gergen,1
990,17,Allyria,1
991,17,Nage,1
992,17,Walderan,1
993,17,Raymar,1
994,17,Ryles,1
995,17,Andahar,1
996,17,Brenett,1
997,17,Sedgekins,1
998,17,Gerald,1
999,17,Murmison,1
1000,17,Otto,1
1001,17,Silveraxe,1
1002,17,Roro,1
1003,17,Mully,1
1004,17,Satin,1
1005,17,Runcel,1
1006,17,Su,1
1007,17,Meliana,1
1008,17,Kegs,1
1009,17,Spare Boot,1
1010,17,Easy,1
1011,17,Dilly,1
1012,17,Danny,1
1013,17,Sherrit,1
1014,17,Mad Axe,1
1015,17,Oznak,1
1016,17,Scarb,1
1017,17,Brella,1
1018,17,Kaeth,1
1019,17,Ralph,1
1020,17,Bertram,1
1021,17,Dennis,1
1022,17,Peter,1
1023,17,Zei,1
1024,17,Emrick,1
1025,17,Maelys,1
1026,17,Lormelle,1
1027,17,Cedrik,1
1028,17,Kella,1
1029,17,Grisel,1
1030,17,Umfred,1
1031,17,Watt,1
1032,17,Tumberjon,1
1033,17,Ghael,1
1034,17,Cleon,1
1035,17,Donyse,1
1036,17,Torwynd,1
1037,17,Quenn,1
1038,17,Hop-Robin,1
1039,17,Lum,1
1040,17,Harmune,1
1041,17,Emmett,1
1042,17,Jothos,1
1043,17,Danos,1
1044,17,Togg,1
1045,17,Pyg,1
1046,17,Three Toes,1
1047,17,Jonelle,1
1048,17,Monterys,1
1049,17,Cadwyle,1
1050,17,Damion,1
1051,17,Lucion,1
1052,17,Margot,1
1053,17,Titus,1
1054,17,Lyle,1
1055,17,Shierle,1
1056,17,Selmond,1
1057,17,Obara,1
1058,17,Tyene,1
1059,17,Sarella,1
1060,17,Obella,1
1061,17,Dorea,1
1062,17,Loreza,1
1063,17,Perros,1
1064,17,Delonne,1
1065,17,Nymella,1
1066,17,Ellery,1
1067,17,Kirth,1
1068,17,Norbert,1
1069,17,Theomar,1
1070,17,Elyn,1
1071,17,Theodore,1
1072,17,Lia,1
1073,17,Medwick,1
1074,17,Olene,1
1075,17,Quentin,1
1076,17,Olymer,1
1077,17,Normund,1
1078,17,Victor,1
1079,17,Victaria,1
1080,17,Orton,1
1081,17,Dennett,1
1082,17,Dryn,1
1083,17,Mollander,1
1084,17,Alleras,1
1085,17,Rosey,1
1086,17,Emma,1
1087,17,Armen,1
1088,17,Ebrose,1
1089,17,Walgrave,1
1090,17,Vaellyn,1
1091,17,Perestan,1
1092,17,Emmond,1
1093,17,Steffarion,1
1094,17,Greydon,1
1095,17,Gran,1
1096,17,Norjen,1
1097,17,Rus,1
1098,17,Tarle,1
1099,17,Donel,1
1100,17,Urrigon,1
1101,17,Gysella,1
1102,17,Gwin,1
1103,17,Murenmure,1
1104,17,Urras,1
1105,17,Jennelyn,1
1106,17,Ricasso,1
1107,17,Manfrey,1
1108,17,Senelle,1
1109,17,Puckens,1
1110,17,Shortear,1
1111,17,Rugen,1
1112,17,Illifer,1
1113,17,Herbert,1
1114,17,Shadrich,1
1115,17,Hibald,1
1116,17,Naggle,1
1117,17,Jorquen,1
1118,17,Orbert,1
1119,17,Colloquo,1
1120,17,Thomax,1
1121,17,Osric,1
1122,17,Denyo,1
1123,17,Ternesio,1
1124,17,Yorko,1
1125,17,Balman,1
1126,17,Rennifer,1
1127,17,Danelle,1
1128,17,Rufus,1
1129,17,Serala,1
1130,17,Roelle,1
1131,17,Gretchel,1
1132,17,Maddy,1
1133,17,Benedar,1
1134,17,Hotho,1
1135,17,Harras,1
1136,17,Sigfryd,1
1137,17,Three-Tooth,1
1138,17,Gwynesse,1
1139,17,Aenar,1
1140,17,Haereg,1
1141,17,Rigney,1
1142,17,Denestan,1
1143,17,Germund,1
1144,17,Joseran,1
1145,17,Kemmett,1
1146,17,Torwold,1
1147,17,Ossifer,1
1148,17,Maggy,1
1149,17,Edgerran,1
1150,17,Eglantine,1
1151,17,Gascoyne,1
1152,17,Lucamore,1
1153,17,Criston,1
1154,17,Alyse,1
1155,17,Cedric,1
1156,17,Lorimer,1
1157,17,Hyle,1
1158,17,Meggett,1
1159,17,Garrison,1
1160,17,Orivel,1
1161,17,Addison,1
1162,17,Michael,1
1163,17,Dorcas,1
1164,17,Torbert,1
1165,17,Ollidor,1
1166,17,Nute,1
1167,17,Fralegg,1
1168,17,Alvyn,1
1169,17,Lenwood,1
1170,17,Romny,1
1171,17,Eldred,1
1172,17,Stonehand,1
1173,17,Sigfry,1
1174,17,Gylbert,1
1175,17,Erik,1
1176,17,Thormor,1
1177,17,Roryn,1
1178,17,Hilmar,1
1179,17,Harmund,1
1180,17,Raymond,1
1181,17,Sylva,1
1182,17,Garin,1
1183,17,Cletus,1
1184,17,Rolder,1
1185,17,Rosamund,1
1186,17,Umma,1
1187,17,Luco,1
1188,17,Uthero,1
1189,17,Brusco,1
1190,17,Gilwood,1
1191,17,Mela,1
1192,17,Helliweg,1
1193,17,Noho,1
1194,17,Portifer,1
1195,17,Meribald,1
1196,17,Terro,1
1197,17,Orbelo,1
1198,17,Yna,1
1199,17,Xhondo,1
1200,17,Bayard,1
1201,17,Courtenay,1
1202,17,Lucantine,1
1203,17,Russell,1
1204,17,Wulfe,1
1205,17,Ragnor,1
1206,17,Talbert,1
1207,17,Falia,1
1208,17,Cragorn,1
1209,17,Quincy,1
1210,17,Daena,1
1211,17,Gillam,1
1212,17,Rawney,1
1213,17,Bennet,1
1214,17,Moribald,1
1215,17,Osbert,1
1216,17,Guthor,1
1217,17,Ellyn,1
1218,17,Talea,1
1219,17,Brea,1
1220,17,Beqqo,1
1221,17,Lotho,1
1222,17,Moredo,1
1223,17,Roggo,1
1224,17,Gyloro,1
1225,17,Gyleno,1
1226,17,Quill,1
1227,17,Tagganaro,1
1228,17,Cossomo,1
1229,17,S'vrone,1
1230,17,Meralyn,1
1231,17,Assadora,1
1232,17,Bellonara,1
1233,17,Narbo,1
1234,17,Quence,1
1235,17,Allaquo,1
1236,17,Sloey,1
1237,17,Myrmello,1
1238,17,Ezzelyno,1
1239,17,Kojja Mo,1
1240,17,Ellendor,1
1241,17,Merion,1
1242,17,Bors,1
1243,17,Timoth,1
1244,17,Morra,1
1245,17,Mellei,1
1246,17,Cedra,1
1247,17,Belandra,1
1248,17,Frynne,1
1249,17,Kedry,1
1250,17,Artys,1
1251,17,Terrance,1
1252,17,Ossy,1
1253,17,Carrot,1
1254,17,Morgarth,1
1255,17,Elys,1
1256,17,Moelle,1
1257,17,Aglantine,1
1258,17,Melicent,1
1259,17,Theodan,1
1260,17,Unella,1
1261,17,Scolera,1
1262,17,Lorcas,1
1263,17,Theobald,1
1264,17,Gorghan,1
1265,17,Hoke,1
1266,17,Justin,1
1267,17,Clayton,1
1268,17,Godry,1
1269,17,Corliss,1
1270,17,Urek,1
1271,17,Bennarion,1
1272,17,Sargon,1
1273,17,Lucimore,1
1274,17,Godric,1
1275,17,Alesandor,1
1276,17,Royce,1
1277,17,Hostella,1
1278,17,Leana,1
1279,17,Rhonda,1
1280,17,Malora,1
1281,17,Denyse,1
1282,17,Leyla,1
1283,17,Warryn,1
1284,17,Branston,1
1285,17,Gallard,1
1286,17,Castos,1
1287,17,Zarabelo,1
1288,17,Garizon,1
1289,17,Nymos,1
1290,17,Cetheres,1
1291,17,Willifer,1
1292,17,Harodon,1
1293,17,Guyne,1
1294,17,Agrivane,1
1295,17,Ocley,1
1296,17,Liane,1
1297,17,Rhialta,1
1298,17,Emphyria,1
1299,17,Bennard,1
1300,17,Meg,1
1301,17,Geoff,1
1302,17,Haggon,1
1303,17,Thistle,1
1304,17,Bump,1
1305,17,Borroq,1
1306,17,Briar,1
1307,17,Grisella,1
1308,17,Meha,1
1309,17,Runceford,1
1310,17,Ordello,1
1311,17,Stalwart,1
1312,17,Reznak,1
1313,17,Skahaz,1
1314,17,Galazza,1
1315,17,Hizdahr,1
1316,17,Arnolf,1
1317,17,Pytho,1
1318,17,Aegor,1
1319,17,Hugor,1
1320,17,Gerris,1
1321,17,Ynys,1
1322,17,Gwyneth,1
1323,17,Archibald,1
1324,17,Harmond,1
1325,17,Manly,1
1326,17,Rusty,1
1327,17,Haldon,1
1328,17,Rolly,1
1329,17,Motho,1
1330,17,Zekko,1
1331,17,Munkun,1
1332,17,Lemore,1
1333,17,Urho,1
1334,17,Korra,1
1335,17,Gella,1
1336,17,Sigorn,1
1337,17,Halleck,1
1338,17,Black Fist,1
1339,17,Cetherys,1
1340,17,Mossador,1
1341,17,Duran,1
1342,17,Eladon Goldenhair,1
1343,17,Loyal Spear,1
1344,17,Marselen,1
1345,17,Rylona,1
1346,17,Khrazz,1
1347,17,Barsena,1
1348,17,Camarron,1
1349,17,Goghor,1
1350,17,Ithoke,1
1351,17,Belaquo,1
1352,17,Hazzea,1
1353,17,Grunt,1
1354,17,Skinner,1
1355,17,Yandry,1
1356,17,Galendro,1
1357,17,Malaquo,1
1358,17,Nyessos,1
1359,17,Doniphos,1
1360,17,Casso,1
1361,17,Mezzara,1
1362,17,Rommo,1
1363,17,Mollono,1
1364,17,Wick,1
1365,17,Hoarfrost,1
1366,17,Marlon,1
1367,17,Adrack,1
1368,17,Ty,1
1369,17,Rory,1
1370,17,Butts,1
1371,17,Qavo,1
1372,17,Horonno,1
1373,17,Benerro,1
1374,17,Qezza,1
1375,17,Grazhar,1
1376,17,Mazdhan,1
1377,17,Hazrak,1
1378,17,Zharaq,1
1379,17,Balaq,1
1380,17,Gorys,1
1381,17,Lysono,1
1382,17,Watkyn,1
1383,17,Laswell,1
1384,17,Myrio,1
1385,17,Caggo,1
1386,17,Baqq,1
1387,17,Books,1
1388,17,Bloodbeard,1
1389,17,Yurkhaz,1
1390,17,Yezzan,1
1391,17,Malazza,1
1392,17,Paezhar,1
1393,17,Ghazdor,1
1394,17,Morghaz,1
1395,17,Gorzhak,1
1396,17,Faezhar,1
1397,17,Denzo,1
1398,17,Meris,1
1399,17,Lewis,1
1400,17,Orson,1
1401,17,Webber,1
1402,17,Cromm,1
1403,17,Hagen,1
1404,17,Torgon,1
1405,17,Urragon,1
1406,17,Harl,1
1407,17,Grimtongue,1
1408,17,Roggon,1
1409,17,Methyso,1
1410,17,Alios,1
1411,17,Vogarro,1
1412,17,Parquello,1
1413,17,Trianna,1
1414,17,Oppo,1
1415,17,Penny,1
1416,17,Jacaerys,1
1417,17,Therry,1
1418,17,Bartimus,1
1419,17,Osgood,1
1420,17,Oswin,1
1421,17,Wynafryd,1
1422,17,Miklaz,1
1423,17,Kezmya,1
1424,17,Ezzara,1
1425,17,Merrel,1
1426,17,Alf,1
1427,17,Barbrey,1
1428,17,Luton,1
1429,17,Moqorro,1
1430,17,Hop-Bean,1
1431,17,Ash,1
1432,17,Leaf,1
1433,17,Scales,1
1434,17,Black Knife,1
1435,17,Snowylocks,1
1436,17,Coals,1
1437,17,Leathers,1
1438,17,Jax,1
1439,17,Alysane,1
1440,17,Rhodry,1
1441,17,Wun,1
1442,17,Myrtle,1
1443,17,Holly,1
1444,17,Rowan,1
1445,17,Lyra,1
1446,17,Jorelle,1
1447,17,Benethon,1
1448,17,Brus,1
1449,17,Dorden,1
1450,17,Malegorn,1
1451,17,Tycho,1
1452,17,Dannel,1
1453,17,Tormo,1
1454,17,Pynto,1
1455,17,Gelmarr,1
1456,17,Nurse,1
1457,17,Zahrina,1
1458,17,Sweets,1
1459,17,Hildy,1
1460,17,Barba,1
1461,17,Melissa,1
1462,17,Lacey,1
1463,17,Torghen,1
1464,17,Gylo,1
1465,17,Hero,1
1466,17,Marghaz,1
1467,17,Squirrel,1
1468,17,Frenya,1
1469,17,Daegon,1
1470,17,Kerwin,1
1471,17,Longwater,1
1472,17,Scar,1
1473,17,Morgo,1
1474,17,Tybero,1
1475,17,Kasporio,1
1476,17,Maris,1
1477,17,Fulk,1
1478,17,Soren,1
1479,17,Gerrick,1
1480,17,Howd,1
1481,17,Brogg,1
1482,17,Devyn,1
1483,17,Kyleg,1
1484,17,Morna,1
1485,17,Harghaz,1
1486,17,Malo,1
1487,17,Brendel,1
1488,17,Alynne,1
1489,17,Canty,1
1490,17,Arthor,1
1491,17,Fingers,1
1492,17,Rook,1
1493,17,Steffar,1
1494,17,Izembaro,1
1495,17,Bokkoko,1
1496,17,Snatch,1
1497,17,Kem,1
1498,17,Hammer,1
1499,17,Kennet,1
1500,17,Nail,1
1501,17,Steelskin,1
1502,17,Grazdar,1
1503,17,Azzak,1
1504,17,Bhakaz,1
1505,17,Dhazzar,1
1506,17,Tumco,1
1507,17,Larraq,1
1508,17,Walter,1
1509,17,Draqaz,1
1510,17,Jezhene,1
1511,17,Gavin,1
1512,17,Doss,1
1513,17,Tal,1
1514,17,Jokin,1
1515,17,Renfred,1
1516,17,Eerl,1
1517,17,Arstan,1
1518,17,Casper,1
1519,17,Sebastion,1
1520,17,Mary,1
1521,17,Trebor,1
1522,17,Jyana,1
1523,17,Torren,1
1524,17,Barbara,1
1525,17,Jayne,1
1526,17,Bess,1
1527,17,Eleanor,1
1528,17,Russ,1
1529,17,Ferrego,1
1530,17,Qarro,1
1531,17,Chezdhar,1
1532,17,Maezon,1
1533,17,Grazdhan,1
1534,17,Torman,1
1535,17,Pykewood,1
1536,17,Caspor,1
1537,17,Lorimas,1
1538,17,Chains,1
1539,17,John,1
1540,17,Uhlan,1
1541,17,Arlan,1
1542,17,Pearse,1
1543,17,Otho,1
1544,17,Plummer,1
1545,17,Valarr,1
1546,17,Matarys,1
1547,17,Grance,1
1548,17,Rhaegel,1
1549,17,Tanselle,1
1550,17,Medgar,1
1551,17,Abelar,1
1552,17,Robyn,1
1553,17,Wate,1
1554,17,Yorkel,1
1555,17,Yormwell,1
1556,17,Bennis,1
1557,17,Rohanne,1
1558,17,Sam,1
1559,17,Cerrick,1
1560,17,Jorgen,1
1561,17,Wendell,1
1562,17,Rob,1
1563,17,Reynard,1
1564,17,Cassella,1
1565,17,Rhae,1
1566,17,Sefton,1
1567,17,Helicent,1
1568,17,Aelinor,1
1569,17,Cleyton,1
1570,17,Ulrick,1
1571,17,Aubrey,1
1572,17,Byren,1
1573,17,Redtusk,1
1574,17,Ferret,1
1575,17,Rafe,1
1576,17,Pudding,1
1577,17,Melaquin,1
1578,17,Kirby,1
1579,17,Buford,1
1580,17,Mortimer,1
1581,17,Galtry,1
1582,17,Tommard,1
1583,17,Cosgrove,1
1584,17,Argrave,1
1585,17,Eden,1
1586,17,Haegon,1
1587,17,Gyldayn,1
1588,17,Alicent,1
1589,17,Orwyle,1
1590,17,Tyland,1
1591,17,Larys,1
1592,17,Helaena,1
1593,17,Laenor,1
1594,17,Dalton,1
1595,17,Laena,1
1596,17,Bartimos,1
1597,17,Roderick,1
1598,17,Borros,1
1599,17,Lucerys,1
1600,17,Corlys,1
1601,17,Maelor,1
1602,17,Baela,1
1603,17,Jaehaera,1
1604,17,Thaddeus,1
1605,17,Nettles,1
1606,17,Sharako,1
1607,17,Forrest,1
1608,17,Longleaf,1
1609,17,Garibald,1
1610,17,Clarent,1
1611,17,Bryndon,1
1612,17,Hobert,1
1613,17,Unwin,1
1614,17,Darla,1
1615,17,Mysaria,1
1616,17,Mushroom,1
1617,17,Warrick,1
1618,17,Bean,1
1619,17,Trombo,1
1620,17,Billy,1
1621,17,Alfred,1
1622,17,Adrian,1
1623,17,Loreth,1
1624,17,Marston,1
1625,17,Hunnimore,1
1626,17,Saera,1
1627,17,Aemma,1
1628,17,Runciter,1
1629,17,Craghas,1
1630,17,Johanna,1
1631,17,Racallio,1
1632,17,Mellos,1
1633,17,Vaemond,1